ID,Gender,DevTyp,WBC,LYMp,MONp,NEUp,EOSp,BASOp,LYMn,MONn,NEUn,EOSn,BASOn,RBC,HGB,HCT,MCV,MCH,MCHC,RDWSD,RDWCV,PLT,MPV,PDW,PCT,PLCR,PLCC
1,1.0,1.0,10.29,41.01,7.52,44.29,6.78,0.4,4.22,0.774,4.557,0.698,0.041,4.89,13.6,36.2,74.0,27.8,38.0,41.4,11.5,374.0,6.5,5.0,0.24,7.57,28.0
2,1.0,1.0,15.47,72.64,4.04,20.72,1.98,0.62,11.237,0.625,3.205,0.306,0.096,4.68,8.7,31.2,66.6,18.6,28.0,50.6,16.8,177.0,9.3,30.0,0.17,68.76,122.0
3,1.0,2.0,47.18,77.58,1.53,13.91,6.71,0.27,36.6,0.72,6.56,3.17,0.13,5.72,15.72,51.1,89.3,27.5,30.8,47.5,13.3,221.7,8.9,18.9,0.2,409.0,708.9903972146336
4,0.0,2.0,4.45,20.44,19.67,44.91,14.49,0.49,0.91,0.88,2.0,0.64,0.02,3.57,10.61,31.1,87.1,29.7,34.1,48.8,14.0,126.3,11.1,18.7,0.14,61.9,77.5893053224305
5,1.0,1.0,4.55,45.35,8.32,44.69,1.1,0.54,2.063,0.379,2.033,0.05,0.025,2.96,8.1,27.0,91.9,27.4,30.0,57.5,16.6,46.0,8.5,6.1,0.04,29.16,13.0
6,0.0,2.0,6.67,35.6,6.49,255.69,0.13,0.09,2.37,0.43,3.72,0.14,0.01,3.57,11.08,32.6,91.3,31.0,34.0,64.6,17.7,202.9,9.1,18.9,0.18,42.1,108.72455631491098
7,0.0,1.0,3.58,48.76,5.06,44.8,0.88,0.5,1.746,0.181,1.604,0.032,0.018,4.99,11.5,38.1,76.3,23.0,30.0,44.8,15.2,81.0,7.4,30.0,0.06,69.1,56.0
8,0.0,1.0,2.71,45.46,13.77,33.06,7.26,0.45,1.232,0.373,0.896,0.197,0.012,3.71,9.8,32.2,86.8,26.4,30.0,43.7,12.8,107.0,8.1,6.1,0.09,22.03,24.0
9,1.0,2.0,11.23,93.16,1.75,4.36,0.38,0.35,10.46,0.2,0.49,0.04,0.04,4.16,8.41,30.5,73.3,20.2,27.6,60.1,20.5,169.5,12.6,15.5,0.21,75.4,132.79216695766502
10,0.0,2.0,25.78,3.17,10.23,84.27,2.19,0.14,0.82,2.64,21.72,0.56,0.04,3.53,10.13,28.2,79.9,28.7,35.9,14.3,45.7,182.3,11.0,19.6,0.2,58.8,71.05811986458218
11,0.0,1.0,5.28,92.17,2.92,4.51,0.26,0.14,4.867,0.154,0.238,0.014,0.007,2.76,8.4,27.2,98.5,30.5,31.0,58.7,13.9,34.0,8.4,4.7,0.03,20.45,7.0
12,0.0,1.0,6.94,42.76,6.27,47.88,2.56,0.53,2.968,0.435,3.323,0.178,0.037,4.63,12.4,40.4,87.1,26.8,31.0,40.2,121.0,254.0,8.3,6.8,0.21,19.64,50.0
13,0.0,1.0,8.19,16.16,6.66,73.75,3.27,0.16,1.324,0.545,6.04,0.268,0.013,4.85,8.6,30.4,62.7,17.7,28.0,38.0,15.1,232.0,7.4,6.5,0.17,47.86,111.0
14,0.0,1.0,8.83,28.85,7.03,62.1,1.74,0.82,2.547,0.621,5.483,0.154,0.025,2.79,8.0,25.9,92.8,28.7,31.0,44.8,11.9,51.0,9.4,4.7,0.05,27.96,14.0
15,1.0,1.0,11.47,11.35,3.82,80.72,0.18,1.302,0.438,9.622,0.087,0.021,3.31,8.1,26.3,26.3,79.5,24.5,24.5,31.0,48.3,15.9,274.0,6.1,4.3,0.17,13.14
16,0.0,1.0,3.65,15.11,10.5,73.81,0.31,0.27,0.552,0.383,2.694,0.011,0.1,3.17,9.0,28.2,88.9,28.4,32.0,49.5,14.2,140.0,8.7,8.6,0.12,37.49,52.0
17,0.0,2.0,14.02,13.85,5.98,79.07,0.18,0.92,1.94,0.84,11.08,0.03,0.13,1.72,4.77,15.4,89.5,27.7,31.0,48.0,13.4,104.5,9.3,19.2,0.1,45.0,46.84075614784687
18,0.0,2.0,7.83,35.08,5.4,58.52,0.15,0.85,2.75,0.42,4.58,0.01,0.07,4.47,8.56,29.6,66.2,19.1,28.9,51.1,19.3,419.0,9.4,18.4,0.39,47.2,141.0501920981153
19,1.0,2.0,6.14,22.17,16.49,57.59,1.91,1.84,1.36,1.01,3.54,0.12,0.11,3.19,11.48,31.1,79.5,29.4,36.9,43.6,13.7,9.3,10.163918270029653,17.180899002681322,0.5587721966993597,41.21534375519651,4.81909832500596
20,0.0,1.0,39.1,2.85,2.01,94.88,0.26,0.0,1.114,0.786,37.098,0.102,0.0,3.99,107.0,35.0,87.8,26.8,31.0,48.3,13.8,46.0,9.3,5.4,0.04,45.5,21.0
21,1.0,2.0,6.27,37.46,10.98,48.3,1.97,1.29,2.35,0.69,3.03,0.12,0.08,6.04,11.85,37.7,62.4,19.6,31.4,37.7,15.1,261.1,9.2,18.2,0.24,43.1,84.6754646490325
22,1.0,1.0,10.22,59.37,16.82,22.59,0.74,0.48,6.068,1.719,2.309,0.076,0.049,4.58,12.7,41.7,91.0,27.7,30.0,62.1,17.4,55.0,7.7,4.7,0.04,31.25,17.0
23,0.0,2.0,5.67,34.82,9.07,49.25,6.32,0.54,1.97,0.51,2.8,0.36,0.03,3.51,8.98,28.8,82.1,25.6,31.2,47.9,14.6,374.0,9.1,18.2,0.34,42.0,117.50331731885518
24,0.0,1.0,10.96,5.46,7.2,87.0,0.24,0.1,0.598,0.789,9.535,0.026,0.011,2.73,7.0,24.4,89.2,25.6,29.0,49.5,13.0,289.0,7.6,5.4,0.22,20.23,58.0
25,1.0,1.0,3.08,20.94,5.49,73.01,0.5,0.06,0.645,0.169,2.249,0.015,0.002,2.79,7.8,26.2,93.8,28.0,30.0,50.6,14.1,223.0,8.9,4.3,0.2,23.89,53.0
26,0.0,2.0,5.91,38.77,10.3,50.07,0.7,0.16,2.29,0.61,2.96,0.04,0.01,4.93,14.47,45.7,92.7,29.4,31.7,54.1,14.6,236.8,10.0,20.1,0.24,50.0,88.44683278804692
27,0.0,1.0,7.67,23.21,5.72,62.28,8.59,0.2,1.78,0.439,4.777,0.659,0.015,5.01,11.8,39.4,78.7,23.6,30.0,41.4,14.1,345.0,7.1,5.8,0.24,16.48,57.0
28,1.0,1.0,8.2,42.78,23.86,32.0,0.97,0.39,3.508,1.957,2.624,0.08,0.032,2.99,7.5,21.1,70.6,25.0,35.0,48.3,15.2,40.0,10.7,10.1,0.04,58.17,23.0
29,1.0,2.0,9.56,32.26,7.9,53.2,6.17,0.47,3.08,0.76,5.09,0.59,0.04,5.24,10.76,37.6,71.8,20.5,28.6,50.5,17.6,476.8,8.9,18.9,0.42,39.4,141.0437182634239
30,0.0,2.0,6.27,35.96,9.19,52.53,1.73,0.59,2.25,0.58,3.29,0.11,0.04,3.19,9.63,31.7,99.4,30.2,30.4,60.4,15.2,260.0,9.6,18.5,0.25,47.8,97.12671979530742
31,1.0,2.0,9.66,8.76,8.09,81.5,1.23,0.42,0.85,0.78,7.87,0.12,0.04,2.14,4.22,15.3,71.5,19.7,27.6,79.8,27.9,144.0,8.7,17.6,0.13,41.1,58.09969805422801
32,1.0,1.0,8.06,38.76,7.04,52.87,0.86,0.47,3.124,0.567,4.261,0.069,0.038,4.33,12.0,32.3,74.7,27.7,37.0,414.0,12.0,206.0,8.9,8.6,0.18,24.5,50.0
33,1.0,1.0,6.64,34.56,5.96,58.33,0.76,0.39,2.295,0.396,3.873,0.05,0.026,4.28,14.1,37.7,88.0,33.0,37.0,51.8,12.7,292.0,7.3,5.4,0.21,9.68,28.0
34,1.0,2.0,5.28,38.38,10.42,47.13,3.56,0.51,2.03,0.55,2.48,0.19,0.03,6.22,11.7,41.7,67.0,18.8,28.1,38.3,14.3,169.0,11.1,20.0,0.19,57.1,88.22237593701234
35,0.0,1.0,10.26,28.01,8.41,60.81,2.44,0.33,2.874,0.863,6.239,0.25,0.034,4.01,11.5,31.6,78.8,28.7,36.0,49.5,13.6,388.0,7.4,6.1,0.29,12.65,49.0
36,0.0,1.0,6.07,29.42,3.62,65.52,1.14,0.3,1.786,0.22,3.977,0.069,0.018,4.13,7.3,23.05,55.8,17.7,32.0,41.4,16.8,246.0,7.3,6.5,0.18,45.4,112.0
37,1.0,1.0,6.14,28.69,5.6,64.39,0.9,0.42,1.762,0.344,3.954,0.055,0.026,4.42,12.9,25.0,94.4,29.2,31.0,48.3,13.4,118.0,6.8,4.3,0.08,13.4,16.0
38,0.0,2.0,15.4,10.83,3.17,85.44,0.05,0.08,1.67,0.49,13.15,0.01,0.08,3.59,10.69,32.8,91.4,29.8,32.6,44.6,12.2,260.0,8.5,17.8,0.22,36.3,67.04470715907354
39,0.0,2.0,9.7,44.67,7.69,42.5,4.82,0.32,4.33,0.75,4.12,0.47,0.03,5.83,12.54,42.5,72.9,21.5,29.5,55.7,19.1,494.4,9.1,17.4,0.45,44.7,154.64495434259214
40,0.0,2.0,10.39,36.01,4.06,59.12,0.54,0.27,3.74,0.42,6.14,0.06,0.03,4.46,9.31,33.6,75.3,20.9,27.7,47.3,15.7,463.8,8.9,17.9,0.41,39.0,139.8019452075562
41,0.0,1.0,6.25,33.29,9717.0,50.74,8.36,0.44,2.081,0.448,3.171,0.522,27.0,4.38,11.8,36.7,83.7,26.9,32.0,38.0,11.3,202.0,7.2,5.8,0.15,12.63,26.0
42,0.0,1.0,10.22,39.06,3.99,55.08,1.39,0.4,3.992,0.408,5.629,0.142,0.049,4.78,14.6,45.0,94.1,30.6,32.0,44.8,12.3,312.0,7.6,6.1,0.24,11.46,36.0
43,0.0,2.0,7.18,35.01,5.19,57.4,1.8,0.6,2.51,0.37,4.13,0.13,0.04,4.94,9.73,34.8,70.4,19.7,28.0,47.6,16.9,416.7,9.5,18.0,0.4,46.5,139.94847632071378
44,0.0,1.0,7.44,35.89,5.47,56.86,1.33,0.45,2.67,0.46,4.23,0.099,0.033,4.33,9.2,32.3,74.6,21.3,29.0,43.7,14.9,290.0,8.4,6.5,0.24,33.53,97.0
45,1.0,2.0,3.33,6.73,13.76,76.73,1.0,1.78,0.22,0.46,2.56,0.03,0.06,2.81,6.57,22.4,79.7,23.4,29.3,92.8,29.1,65.0,9.6,16.6,0.06,56.4,61.33986348585572
46,0.0,1.0,9.71,30.87,3.46,64.63,0.8,0.24,3.007,0.337,6.295,0.078,0.023,4.93,11.2,30.0,77.1,22.7,29.0,36.8,30.0,275.0,7.0,5.8,0.19,17.9,49.0
47,0.0,2.0,99.0,50.0,27.0,16.0,1.0,4.0,50.99,27.63,16.91,0.16,4.31,3.97,10.78,27.8,70.0,27.2,38.8,85.7,30.6,147.6,8.6,19.5,0.13,43.4,39.08015688471237
48,1.0,1.0,9.72,40.9,6.33,49.44,2.89,0.24,3.975,0.615,4.806,0.281,0.043,5.14,14.0,44.9,87.5,27.2,31.0,42.5,13.3,107.0,7.6,4.7,0.08,20.17,22.0
49,1.0,2.0,0.69,50.53,14.71,31.33,0.34,3.09,0.35,0.1,0.22,0.0,0.02,4.05,9.65,32.7,80.7,23.8,29.5,46.5,14.4,175.5,9.3,18.0,0.16,45.0,70.3755561857212
50,1.0,1.0,10.39,12.3,3.68,84.32,0.6,0.1,1.278,0.278,8.761,0.062,0.01,5.01,14.7,46.5,92.9,29.4,32.0,44.8,12.5,19.0,8.2,4.7,0.02,32.08,6.0
51,1.0,2.0,5.76,87.03,9.55,1.34,1.57,0.51,5.01,0.55,0.08,0.09,0.03,5.28,10.56,38.0,72.0,20.0,27.8,55.0,19.1,301.8,8.5,17.5,0.26,37.7,97.65412344494013
52,0.0,1.0,10.31,21.73,4.26,73.04,0.73,0.42,2.24,0.439,7.53,0.075,0.075,0.025,5.11,32.03144283099431,60.9,17.0,28.0,39.1,16.5,129.0,7.6,5.8,0.09,51.09,66.0
53,0.0,2.0,9.77,26.94,5.15,65.06,2.32,0.53,2.63,0.5,6.36,0.23,0.53,3.91,10.03,35.0,89.5,25.7,28.7,56.9,15.9,354.4,7.6,16.7,0.27,28.1,89.28550350864631
54,0.0,1.0,5.11,50.34,3.77,43.33,1.97,0.59,2.572,0.193,2.214,0.101,0.05,5.35,13.2,42.1,78.7,24.7,31.0,36.8,11.4,209.0,8.4,7.2,0.1,30.51,64.0
55,0.0,2.0,10.1,26.19,8.69,54.77,3.86,6.49,2.65,0.88,5.52,0.39,0.66,4.84,7.62,28.7,59.3,15.7,26.6,43.4,18.3,329.5,9.4,19.5,0.31,46.2,115.18185508441596
56,0.0,1.0,11.9,26.33,3.87,68.66,0.83,0.31,2.946,0.433,7.683,0.093,0.035,3.76,9.3,27.3,72.7,24.8,34.0,42.5,12.9,428.0,7.3,5.4,0.31,15.65,67.0
57,0.0,2.0,7.56,25.59,13.18,52.02,0.73,8.48,1.93,1.0,3.93,0.06,0.64,1.78,5.18,17.8,100.0,29.1,18.4,73.6,18.4,92.5,8.4,19.2,0.08,35.8,48.68776926682113
58,1.0,2.0,2.91,55.73,4.34,37.85,1.17,0.91,1.62,0.13,1.1,0.03,0.03,4.21,10.69,36.3,862.0,25.4,29.4,47.6,13.8,231.5,8.9,17.3,0.21,41.3,93.41783873477206
59,0.0,2.0,16.02,24.96,4.83,68.9,0.36,0.95,4.0,0.77,11.04,0.06,0.15,4.97,10.31,37.7,75.9,20.7,27.3,52.2,17.2,76.0,10.4,18.6,0.22,54.2,56.368804587330395
60,1.0,1.0,19.85,49.34,2.94,45.24,1.92,0.56,11.94,0.711,10.948,0.465,0.136,2.73,7.3,20.3,74.4,26.7,36.0,38.0,11.4,521.0,8.4,7.2,0.44,17.37,90.0
61,1.0,2.0,15.28,10.47,5.69,75.5,5.69,2.65,1.6,0.87,11.54,0.87,0.4,2.7,5.2,18.4,68.1,19.3,28.3,51.8,19.0,354.9,8.4,18.3,0.3,35.3,100.88192414055098
62,1.0,2.0,11.05,5.96,4.73,88.48,0.19,0.64,0.66,0.52,9.78,0.02,0.07,3.46,7.33,25.5,73.7,21.2,28.7,58.4,19.8,52.0,9.7,19.5,0.05,50.2,42.84973793072663
63,0.0,2.0,27.7,66.16,7.92,21.73,3.05,1.14,33.76,4.04,11.09,1.56,0.58,3.27,8.83,24.3,74.3,27.0,36.3,86.2,29.0,747.9,9.2,18.7,0.69,44.7,217.51426429954836
64,1.0,2.0,4.68,30.24,12.6,51.27,5.66,0.23,1.42,0.59,2.4,0.26,0.01,4.44,14.7,43.7,98.4,33.1,33.6,57.1,14.5,287.5,7.7,17.0,0.22,28.3,62.96875784399378
65,1.0,2.0,10.07,27.72,11.03,53.8,11.03,7.35,2.79,1.11,5.42,0.74,0.01,4.79,12.52,38.3,80.0,26.1,32.7,46.7,14.6,291.4,7.8,16.5,0.23,30.7,70.12309046479305
66,0.0,2.0,1.1,26.51,49.11,23.64,0.0,0.74,0.29,0.54,0.26,0.0,0.01,2.6,8.17,23.1,88.8,31.4,35.4,51.1,14.4,4.1,10.15751945109468,17.74691011014216,0.5573569152474851,41.106284112726705,2.9383200704841954
67,0.0,2.0,5.82,44.83,10.58,43.08,1.35,0.16,2.6,0.62,2.51,0.08,0.01,4.61,10.98,33.3,72.2,23.8,33.0,38.7,13.4,279.3,9.2,17.4,0.26,42.6,89.09121897085848
68,0.0,1.0,7.32,21.74,4.5,73.12,0.38,0.26,1.591,0.329,5.352,0.028,0.019,3.73,12.4,41.2,110.2,33.2,30.0,51.8,11.0,106.0,7.2,5.4,0.08,16.8,18.0
69,0.0,1.0,3.28,27.67,6.61,64.16,1.16,0.4,0.908,0.217,2.104,0.038,0.013,4.12,7.8,29.8,72.3,18.9,26.0,39.1,14.6,155.0,8.0,7.9,0.12,52.45,81.0
70,0.0,2.0,5.94,31.24,6.16,61.93,0.58,0.09,1.89,0.37,3.67,0.03,0.01,4.64,13.45,40.0,86.2,29.0,33.6,45.2,13.1,297.6,9.4,18.0,0.28,45.1,95.4921537138085
71,0.0,1.0,2.89,43.7,5.94,49.75,0.43,0.18,1.263,0.172,1.438,0.012,0.005,2.55,6.6,21.6,84.8,25.9,31.0,49.5,15.5,33.0,10.3,7.2,0.03,44.09,15.0
72,1.0,1.0,5.27,32.96,4.38,55.56,6.64,0.46,1.737,0.231,2.928,0.35,0.024,3.36,10.4,34.5,102.6,31.0,30.0,48.3,11.3,249.0,7.9,5.8,0.2,13.16,33.0
73,1.0,1.0,8.76,27.95,8.85,62.13,0.62,0.45,2.448,0.775,5.443,0.054,0.039,4.31,8.3,27.7,64.2,19.3,30.0,34.5,13.1,213.0,8.0,5.0,0.17,39.51,84.0
74,1.0,1.0,11.62,64.18,8.14,25.83,1.35,0.5,7.458,0.946,3.001,0.157,0.058,5.28,15.2,47.1,80.2,28.8,32.0,41.4,11.8,196.0,7.4,5.4,0.15,17.42,34.0
75,0.0,2.0,14.12,25.06,14.84,58.39,1.2,0.51,3.54,2.1,8.24,0.17,0.07,4.5,12.65,37.8,84.0,28.1,33.5,45.4,13.5,230.8,10.5,19.3,0.24,54.5,89.02294081338195
76,0.0,1.0,10.02,11.0,5.14,83.05,0.63,0.18,1.102,0.515,8.322,0.063,0.018,2.73,6.9,23.3,85.4,253.0,30.0,54.0,17.3,96.0,8.6,6.8,0.08,35.02,34.0
77,0.0,1.0,13.23,17.46,5.13,76.45,0.74,0.22,2.31,0.679,10.114,0.098,0.029,4.37,12.4,41.4,94.7,28.4,30.0,48.3,12.8,294.0,6.9,5.4,0.2,8.78,26.0
78,0.0,1.0,484.0,33.61,8.17,56.38,1.47,0.37,1.627,0.395,2.729,0.071,0.018,4.36,9.6,34.3,78.7,22.0,28.0,48.3,16.1,142.0,8.8,9.7,0.12,50.3,71.0
79,0.0,1.0,6.77,23.5,6.97,68.36,0.85,0.32,1.591,0.472,4.628,0.058,0.022,4.68,13.3,40.5,86.5,28.4,33.0,39.1,12.2,37.0,9.4,5.0,0.03,47.71,18.0
80,0.0,2.0,15.23,13.36,4.98,81.03,0.59,0.04,2.03,0.76,12.34,0.09,0.01,15.23,4.31,12.41,36.9,85.6,33.6,45.5,13.3,60.1,9.3,18.2,0.06,48.0,36.18476669779512
81,0.0,1.0,5.99,43.14,6.94,48.04,1.33,0.55,2.584,0.416,2.878,0.08,0.033,3.91,10.7,36.0,92.0,27.3,30.0,43.7,12.0,295.0,6.8,47.0,0.2,7.13,21.0
82,0.0,1.0,3.62,44.21,3.82,50.03,1.52,0.42,1.6,0.138,1.811,0.055,0.015,3.26,6.9,25.5,78.2,21.2,27.0,66.7,25.6,105.0,7.9,7.6,0.08,46.22,49.0
83,0.0,1.0,9.83,19.08,4.63,74.66,1.43,0.2,1.876,0.455,7.339,0.141,0.02,4.2,7.3,26.9,64.0,17.4,27.0,38.0,15.7,187.0,7.5,7.6,0.14,51.56,96.0
84,0.0,1.0,6.84,27.56,4.47,64.41,3.28,0.28,1.885,0.306,4.406,0.224,0.019,4.79,12.3,40.1,83.8,25.7,31.0,63.2,13.2,264.0,7.1,6.1,0.19,43.76,116.0
85,1.0,2.0,8.19,16.31,7.67,71.12,4.6,0.3,1.34,0.63,5.82,0.38,0.02,4.44,14.57,41.6,93.7,32.8,35.0,17.8,66.7,566.5,8.3,19.8,0.47,35.2,142.8069582362575
86,0.0,1.0,42.35,3.69,2.16,7.59,86.43,0.13,1.563,0.915,3.214,36.603,0.055,2.81,8.3,25.8,91.8,29.6,32.0,49.5,14.4,52.0,8.0,5.0,0.04,23.31,12.0
87,0.0,1.0,5.35,37.81,9.25,50.2,2.3,0.44,2.023,0.495,2.686,0.123,0.024,4.82,9.5,34.1,70.7,19.71,28.0,56.3,22.4,264.0,6.7,5.4,0.18,50.12,132.0
88,1.0,1.0,49.43,84.72,4.23,10.3,0.53,0.22,41.87,2.091,5.091,0.262,0.109,1.97,6.3,20.0,101.7,32.0,31.0,50.6,13.0,55.0,9.2,7.2,0.05,25.87,14.0
89,0.0,1.0,2.32,38.33,4.07,56.44,0.63,0.53,0.889,0.094,1.309,0.015,0.012,4.53,12.3,40.5,89.4,27.2,30.0,41.4,11.8,135.0,10.5,9.4,0.14,33.09,45.0
90,0.0,1.0,5.57,30.78,5.19,62.5,1.23,0.3,1.714,0.289,3.481,0.069,0.017,5.53,10.4,37.1,67.1,18.8,28.0,34.5,13.4,288.0,7.7,6.1,0.22,31.78,92.0
91,1.0,1.0,419.0,8.12,4.14,87.68,0.02,0.04,0.34,0.173,3.674,0.001,0.002,4.32,12.4,40.8,94.4,28.7,30.0,48.3,13.4,131.0,8.1,7.2,0.11,15.43,20.0
92,0.0,1.0,4.06,42.05,5.97,50.3,1.06,0.62,1.707,242.0,2.042,0.043,0.025,4.34,12.0,40.4,93.0,27.6,30.0,41.4,11.9,200.0,7.8,5.4,0.16,12.39,25.0
93,0.0,2.0,21.8,8.02,23.64,67.28,0.86,0.2,3.15,9.3,26.45,0.34,0.08,7.77,14.19,47.4,61.0,18.3,29.9,56.1,23.0,516.7,8.1,17.2,0.42,38.0,127.66769098432411
94,1.0,1.0,7.27,25.95,9.09,61.52,3.08,0.36,1.887,0.661,4.473,0.224,0.026,4.12,9.6,34.0,82.5,23.3,28.0,43.7,13.4,175.0,6.9,5.4,0.12,14.53,25.0
95,0.0,2.0,13.13,32.12,6.41,59.11,2.2,0.16,4.22,0.84,7.76,0.29,0.02,2.88,9.07,26.4,91.7,31.5,34.4,58.0,15.8,156.6,8.7,19.5,0.14,38.6,45.59746570292274
96,0.0,2.0,12.84,21.03,25.71,52.4,0.8,0.06,2.7,3.3,6.73,0.1,0.01,4.2,11.4,33.9,80.7,27.1,33.6,54.2,16.8,319.2,8.6,19.8,0.27,38.3,83.90776072204488
97,0.0,2.0,13.92,17.42,13.74,66.98,1.07,0.79,2.42,1.91,9.33,0.15,0.11,4.34,8.3,25.7,59.2,19.1,32.3,49.0,20.7,101.4,9.8,15.6,60.9,60.9,69.9616453364469
98,1.0,1.0,20.14,68.69,3.73,25.57,1.49,0.52,13.834,0.751,5.15,0.3,0.105,6.03,16.4,53.6,88.9,27.2,31.0,41.4,11.9,233.0,8.6,6.8,0.2,20.94,49.0
99,0.0,1.0,5.19,63.43,5.72,28.78,1.51,0.56,3.292,0.297,1.494,0.078,0.029,4.83,12.7,43.0,89.2,26.3,30.0,44.8,13.0,327.0,7.3,5.4,0.24,14.02,46.0
100,0.0,2.0,6.81,40.81,9.54,41.6,7.89,0.16,2.78,0.65,2.83,0.54,0.01,4.32,14.35,40.8,94.4,33.2,35.2,45.3,12.0,287.3,9.5,17.5,0.27,46.5,93.66006855928049
101,1.0,2.0,10.59,36.54,6.59,52.34,4.15,0.38,3.87,0.7,5.54,0.44,0.04,6.01,19.38,57.1,65.0,32.2,33.9,50.2,13.2,346.4,9.9,18.5,0.34,47.8,107.79676182673143
102,0.0,2.0,4.52,49.34,1.16,48.58,0.56,0.36,2.22,0.05,2.2,0.03,0.02,1.8,4.71,13.8,76.7,26.2,34.1,74.6,24.3,271.6,8.7,18.7,0.24,39.8,87.95710641270708
103,1.0,2.0,9.91,38.06,7.5,51.77,2.38,0.29,3.77,0.74,5.13,0.24,0.03,2.94,9.12,26.4,89.8,31.0,34.5,86.2,24.0,147.4,10.4,21.4,0.15,50.9,65.89965381366605
104,0.0,1.0,19.47,19.05,4.37,75.43,0.96,0.19,3.709,0.851,14.686,0.187,0.037,5.32,9.8,35.8,67.3,18.4,27.0,40.2,15.7,38.0,7.4,30.0,0.03,64.9,25.0
105,0.0,1.0,7.41,30.57,10.06,58.49,0.54,0.34,2.265,0.745,4.334,0.04,0.025,3.96,13.2,40.2,101.4,33.3,33.0,43.7,10.4,223.0,6.3,4.7,0.14,15.82,35.0
106,0.0,1.0,7.09,28.12,6.9,64.08,0.55,0.35,1.994,0.489,4.543,0.039,0.025,4.4,10.9,36.8,83.7,24.8,30.0,42.5,12.6,226.0,8.4,7.2,0.19,25.6,58.0
107,1.0,1.0,6.92,15.27,5.94,78.09,0.58,0.12,1.057,0.411,5.404,0.04,0.008,3.68,12.1,37.3,101.5,32.9,32.0,51.8,13.0,352.0,7.2,4.3,0.25,11.72,41.0
108,0.0,2.0,6.09,37.45,9.17,51.29,2.0,0.09,2.28,0.56,3.12,0.12,0.01,4.21,12.53,35.9,85.3,29.8,34.9,47.4,13.9,191.5,8.8,17.6,0.17,40.6,58.13262840576471
109,1.0,1.0,2.25,23.66,10.14,64.9,0.88,0.42,0.532,0.228,1.46,0.02,0.009,3.77,10.6,34.7,91.9,28.1,31.0,46.0,12.1,282.0,7.6,5.4,0.21,13.88,39.0
110,1.0,2.0,7.48,33.9,11.72,50.41,3.87,0.1,2.54,0.88,3.76,0.29,0.01,5.61,15.15,45.3,80.7,27.0,33.4,44.2,13.7,197.7,10.9,19.3,0.22,57.5,87.36422959320132
111,1.0,2.0,9.16,34.88,7.4,55.32,2.07,0.33,3.2,0.68,5.06,0.19,0.03,4.92,14.66,43.6,88.6,29.8,33.6,50.7,14.3,321.5,8.2,17.7,0.26,33.8,80.87219600063645
112,1.0,1.0,7.88,30.96,6.79,51.96,9.89,0.4,2.44,0.535,4.094,0.779,0.032,3.68,10.4,33.5,91.17,28.3,31.0,44.8,12.7,181.0,8.6,7.9,0.16,24.38,44.0
113,0.0,1.0,9.38,17.89,3.62,76.92,1.33,0.24,1.678,0.34,7.215,0.125,0.023,5.13,10.6,35.5,69.2,20.6,30.0,40.2,15.2,271.0,8.0,6.5,0.22,43.46,118.0
114,0.0,2.0,2.44,21.25,16.28,57.14,5.0,0.33,0.52,0.4,1.39,0.12,0.01,2.7,8.64,25.2,93.3,32.0,34.3,56.7,15.2,49.9,9.4,18.5,0.05,47.1,33.12488941554867
115,0.0,1.0,5.76,43.74,5.56,47.78,2.38,0.54,2.519,0.32,2.752,0.137,0.031,4.26,6.9,26.9,63.0,16.2,26.0,40.2,16.7,372.0,6.7,5.8,0.25,44.2,164.0
116,1.0,1.0,12.33,9.47,9.55,79.89,0.93,0.16,1.168,1.178,9.85,0.115,0.02,4.34,14.9,46.0,106.0,34.4,32.0,78.2,19.9,365.0,7.9,5.0,0.29,21.22,77.0
117,0.0,1.0,4.38,34.65,5.21,59.07,0.67,0.4,1.518,0.228,2.587,0.029,0.018,4.64,11.6,38.5,83.0,25.0,30.0,39.1,12.1,171.0,9.2,7.6,0.16,32.75,56.0
118,1.0,1.0,39.77,89.49,4.65,4.82,0.58,0.46,35.59,1.849,1.917,0.231,0.183,2.69,7.3,25.7,95.8,27.2,28.0,54.0,15.4,78.0,7.3,40.0,0.06,19.2,15.0
119,0.0,2.0,11.09,35.68,6.14,40.68,17.46,0.16,3.96,0.68,4.49,1.94,0.02,5.42,12.58,38.1,70.3,23.2,33.0,49.2,17.5,344.0,9.5,17.5,0.33,48.1,115.65843072307106
120,1.0,1.0,5.47,41.16,6.4,49.8,2.17,0.47,2.251,0.35,2.724,0.119,0.026,5.53,16.6,54.5,98.5,30.0,30.0,46.0,11.8,198.0,8.7,5.8,0.17,18.68,37.0
121,1.0,1.0,6.97,18.34,5.38,75.41,0.59,0.28,1.278,0.375,5.256,0.041,0.02,4.59,9.6,33.7,73.4,20.9,29.0,55.2,20.8,98.0,7.0,7.2,0.07,59.82,59.0
122,0.0,1.0,6.39,25.27,3.73,69.27,1.4,0.33,1.615,0.238,4.426,0.089,0.021,4.57,6.7,27.7,60.6,14.7,24.0,39.1,17.4,312.0,6.8,6.1,0.21,56.0,175.0
123,1.0,2.0,67.33,5.3,57.14,37.18,0.02,0.36,3.57,38.48,25.03,0.01,0.24,2.6,7.56,22.0,84.6,29.1,34.4,49.4,14.6,39.4,10.9,19.1,0.04,60.5,29.98031078298858
124,0.0,2.0,8.54,22.79,5.09,69.25,1.93,0.94,1.95,0.43,5.92,0.16,0.08,4.25,9.11,27.6,64.9,21.4,33.0,52.2,20.1,327.6,11.6,21.2,0.38,59.9,130.25765482799505
125,0.0,2.0,4.38,24.26,14.01,58.18,3.39,0.16,1.06,0.61,2.55,0.15,0.01,3.1,7.61,23.4,75.5,24.5,32.5,61.3,20.3,296.6,9.2,17.7,0.27,44.9,99.5679570035827
126,0.0,2.0,7.17,26.72,9.42,61.49,2.19,0.18,1.92,0.68,4.4,0.16,0.01,4.46,12.48,37.5,84.1,28.0,33.3,44.1,13.1,374.3,9.2,18.4,0.34,43.0,112.24360905461845
127,0.0,2.0,7.16,17.88,6.72,72.19,3.05,0.16,1.28,0.48,5.17,0.22,0.01,3.86,7.57,24.7,64.0,19.6,30.6,40.4,15.8,281.8,9.9,17.6,0.28,50.4,106.64124908171331
128,1.0,2.0,7.18,40.25,12.95,42.61,4.04,0.15,2.89,0.93,3.06,0.29,0.01,5.18,9.7,31.8,61.5,18.8,30.5,46.5,18.9,310.7,9.5,17.5,0.3,47.6,109.36696836574717
129,0.0,2.0,8.23,26.01,13.05,58.25,2.36,0.33,2.14,1.07,4.8,0.19,0.03,4.14,11.41,34.3,82.9,27.6,33.3,47.4,14.3,222.1,9.9,19.5,0.22,49.5,81.51236254663331
130,1.0,2.0,0.24,72.38,12.9,13.98,0.0,0.74,0.18,0.03,0.03,0.0,0.0,2.78,7.56,2.1,79.5,27.2,34.2,55.7,17.5,28.6,9.1,18.7,0.03,42.3,28.1175822911245
131,0.0,2.0,7.39,34.35,10.47,48.75,6.27,0.16,2.54,0.77,3.61,0.46,0.01,4.46,11.62,36.3,81.4,26.1,32.0,50.1,15.4,298.5,8.7,17.1,0.26,40.0,90.1956283972603
132,0.0,2.0,6.64,44.28,9.51,43.75,2.17,0.29,2.94,0.63,2.91,0.14,0.02,4.45,13.0,38.4,84.6,28.6,33.9,43.3,12.8,224.2,9.8,17.4,0.22,50.4,85.41854984477015
133,1.0,2.0,8.09,22.34,7.92,67.98,1.49,0.27,1.81,0.64,5.5,0.12,0.02,5.92,17.76,51.8,87.5,30.0,34.3,46.2,13.2,241.5,9.5,18.5,0.23,47.6,78.40020177816726
134,1.0,2.0,6.87,29.29,8.61,57.44,4.24,0.42,2.01,0.59,3.95,0.29,0.03,5.29,15.22,45.6,86.2,28.8,33.4,42.1,12.2,286.1,8.6,17.1,0.25,39.9,81.73136106662486
135,0.0,1.0,7.04,39.39,8.19,49.65,2.41,0.36,2.773,0.577,3.495,0.17,0.025,433.0,12.4,39.8,91.9,28.6,31.0,42.5,12.0,160.0,7.3,5.0,0.12,14.74,24.0
136,0.0,1.0,7.76,38.32,6.69,45.83,8.7,0.46,2.974,0.519,3.556,0.675,0.036,4.38,11.8,38.5,87.9,26.9,31.0,40.2,12.0,204.0,8.7,6.8,0.18,20.14,41.0
137,0.0,2.0,5.61,50.13,13.89,31.8,4.02,0.13,2.8,0.78,1.79,0.23,0.01,4.31,11.55,34.9,81.0,26.8,33.1,47.0,14.5,431.0,7.9,16.5,0.34,31.7,111.71236308011362
138,0.0,2.0,10.2,27.46,6.73,64.44,1.11,0.26,2.8,0.69,6.57,0.11,0.03,4.33,13.48,38.7,89.4,31.1,34.8,43.6,12.2,281.1,0.23,8.2,0.23,34.9,72.22778519456995
139,0.0,1.0,5.17,39.42,6.12,51.44,2.58,0.44,2.038,0.316,2.659,0.133,0.023,4.83,14.0,44.7,92.6,29.0,31.0,47.2,13.1,224.0,7.3,5.4,0.16,13.16,29.0
140,0.0,1.0,7.02,32.42,4.81,61.24,1.13,0.4,2.276,0.338,4.299,0.079,0.028,4.87,13.5,43.3,88.8,27.7,31.0,42.5,12.5,259.0,7.5,6.5,0.19,14.62,38.0
141,0.0,1.0,48.23,55.85,31.9,12.03,0.12,0.1,26.936,15.385,5.802,0.058,0.048,1.3,44.0,14.5,111.8,33.9,30.0,61.0,13.7,35.0,8.8,4.3,0.03,28.07,10.0
142,1.0,2.0,9.48,16.6,11.65,63.48,7.43,0.84,1.57,1.1,6.03,0.7,0.08,3.34,9.34,28.0,83.8,28.0,33.4,66.4,19.8,458.1,7.5,16.7,0.34,25.0,105.19918141082607
143,0.0,1.0,9.28,24.48,3.95,69.82,1.5,0.25,2.272,0.367,6.479,0.139,0.023,3.86,11.0,36.4,94.2,28.5,30.0,48.3,13.4,167.0,9.8,9.4,0.16,27.21,45.0
144,0.0,1.0,6.05,27.97,8.82,61.58,1.18,0.45,1.692,0.534,3.726,0.071,0.027,4.7,13.2,43.1,91.9,28.1,31.0,46.0,12.1,26.0,9.8,4.0,0.03,49.54,13.0
145,0.0,2.0,4.76,27.32,17.42,53.32,1.9,0.04,1.3,0.83,2.54,0.09,0.0,3.37,7.14,21.8,64.7,21.2,32.8,55.1,21.3,90.8,9.3,18.2,0.08,48.8,49.03164582372924
146,0.0,2.0,30.65,2.04,5.16,90.58,1.73,0.49,0.63,1.58,27.76,0.53,0.15,2.8,7.44,21.9,7.44,26.6,34.0,51.3,16.4,444.8,7.4,16.0,0.33,25.7,89.22461540049349
147,0.0,1.0,6.13,18.2,10.4,70.39,0.77,0.24,1.116,0.638,4.315,0.047,0.015,3.55,10.3,33.2,93.5,290.0,31.0,46.0,12.4,210.0,7.5,6.1,0.16,16.8,35.0
148,1.0,2.0,5.95,40.11,9.41,48.02,2.02,0.44,2.39,0.56,2.85,0.12,0.03,4.73,14.94,43.9,92.8,31.6,34.0,52.7,14.2,549.7,8.1,17.4,0.45,33.3,142.7356763236479
149,0.0,1.0,6.06,40.72,7.51,48.81,2.55,0.41,2.468,0.455,2.958,0.155,0.025,5.314,10.31,35.4,66.01,19.4,29.0,36.8,13.5,226.0,7.9,7.6,0.18,50.72,115.0
150,1.0,2.0,5.5,32.23,9.81,55.67,1.74,0.55,1.77,0.54,3.06,0.1,0.03,3.4,7.16,23.1,67.9,21.1,31.0,47.3,17.4,310.2,9.6,18.0,0.3,48.8,112.59393671202687
151,1.0,1.0,1.49,23.63,21.76,53.67,0.55,0.39,0.352,0.324,0.8,0.008,0.006,4.67,14.7,46.9,1004.0,31.5,31.0,49.5,12.6,128.0,6.5,4.3,0.08,15.16,19.0
152,0.0,2.0,9.51,34.39,7.3,49.11,9.08,0.12,3.27,0.69,4.68,0.86,0.01,4.59,9.46,30.1,65.6,20.6,31.4,44.3,16.9,344.8,9.1,17.7,0.31,43.5,110.89569333962311
153,0.0,2.0,11.49,20.96,9.74,66.8,2.07,0.43,2.41,1.12,7.67,0.24,0.05,3.98,9.83,36.2,91.0,24.7,27.2,60.4,16.6,1074.1,9.0,19.2,0.97,41.3,307.10140463721365
154,1.0,2.0,5.97,38.89,8.52,44.13,8.18,0.28,2.32,0.51,2.63,0.49,0.02,5.52,12.88,48.8,88.4,23.3,26.4,12.8,45.3,283.6,9.8,18.3,0.28,48.9,105.39229340476436
155,1.0,2.0,7.39,4.4,14.13,79.59,1.59,0.29,0.33,1.04,5.88,0.12,0.02,2.23,6.6,19.4,87.0,29.6,34.0,96.4,27.7,161.0,9.3,20.1,0.15,44.4,57.367655613840405
156,1.0,2.0,2.42,53.26,9.16,36.83,0.29,0.46,1.29,0.22,0.89,0.01,0.01,3.81,7.96,29.3,76.9,20.9,27.2,84.9,27.6,180.6,8.5,18.9,0.15,40.0,69.34132007632897
157,1.0,2.0,8.64,10.01,10.42,76.5,2.53,0.54,0.86,0.9,6.61,0.9,0.22,0.05,12.19,41.6,91.2,26.7,29.3,55.4,15.2,203.4,10.2,17.4,0.21,54.6,89.10963267437549
158,1.0,2.0,1.79,77.03,12.04,10.75,0.0,0.18,1.38,0.22,0.19,0.0,0.0,1.86,3.79,13.9,74.7,20.4,27.3,59.5,19.9,12.5,9.8,15.2,0.01,62.5,68.22375427971599
159,1.0,2.0,8.81,46.43,10.11,40.98,2.23,0.25,4.09,0.89,3.61,0.2,0.02,4.11,9.68,35.9,87.3,23.6,27.0,48.9,14.0,430.0,7.9,17.9,0.34,30.0,116.52859869234231
160,0.0,2.0,1.43,72.43,9.66,16.53,1.22,0.16,1.03,0.14,0.24,0.02,0.0,1.88,4.54,15.9,84.6,24.1,286.0,84.9,25.1,52.5,11.4,18.7,0.06,64.2,-307.8185266604429
161,0.0,2.0,9.59,22.05,7.62,67.06,3.07,0.2,2.11,0.73,6.44,0.29,0.02,5.39,11.91,49.8,92.4,22.1,23.9,71.7,19.4,308.6,9.9,21.5,0.31,48.7,114.10626765898144
162,0.0,2.0,3.49,42.51,6.83,45.71,4.32,0.63,1.48,0.24,1.6,0.15,0.02,2.74,3.68,16.6,60.6,13.4,22.2,63.3,26.1,150.0,9.1,16.8,0.11,49.5,87.85937196596325
163,1.0,2.0,2.96,30.06,8.46,48.02,13.36,0.1,0.89,0.25,1.42,0.4,0.0,3.49,9.77,33.4,95.7,28.0,29.3,51.3,13.4,68.4,9.2,17.7,0.06,45.7,44.0460198851894
164,0.0,2.0,9.16,26.92,9.73,60.73,2.54,0.08,0.47,0.89,5.56,0.23,0.01,4.61,10.47,39.5,85.7,22.7,26.5,49.7,14.5,431.8,8.8,17.3,0.38,40.0,132.2099089299843
165,1.0,2.0,7.67,37.06,10.12,49.26,3.34,0.22,2.84,0.78,3.77,0.26,0.02,5.29,9.89,38.7,73.2,18.7,25.6,39.2,13.4,7.3,10.163096405319848,17.099040614107224,0.5617871980418824,41.40927979889619,22.203962605083404
166,0.0,2.0,3.91,44.89,7.69,42.78,4.33,0.31,1.76,0.3,1.67,0.17,0.01,4.42,10.29,39.6,89.6,23.3,26.0,45.2,12.6,304.2,7.8,16.2,0.24,30.8,86.47385944439284
167,1.0,2.0,27.8,10.72,87.86,1.11,0.14,0.17,2.98,24.42,0.31,0.04,0.05,3.31,10.48,29.9,90.3,31.7,35.1,53.5,14.8,55.3,9.1,18.7,0.05,44.0,11.49293331154211
168,0.0,2.0,22.31,11.51,13.24,74.49,0.61,0.15,2.57,2.95,16.62,0.14,0.03,2.88,6.25,19.0,66.0,21.7,32.9,73.9,28.0,36.6,9.5,15.1,0.03,59.6,46.75505280204579
169,0.0,2.0,15.22,8.23,12.11,78.76,0.75,0.15,1.25,1.84,12.0,0.11,0.02,2.71,5.86,17.5,64.6,21.6,33.5,72.1,27.9,31.4,9.1,13.4,0.03,56.8,43.26432614887647
170,0.0,1.0,6.09,27.88,10.68,60.41,0.77,0.26,1.698,0.65,3.679,0.047,0.016,3.93,11.0,36.7,93.3,28.0,30.0,44.8,12.4,44.0,10.3,9.4,0.05,36.24,16.0
171,0.0,2.0,5.72,38.87,9.14,45.01,6.86,0.12,2.22,0.52,2.58,0.39,0.01,3.83,9.95,29.7,77.5,26.0,33.5,45.0,14.5,315.1,6.5,17.5,0.3,47.8,107.88010187771451
172,0.0,2.0,7.39,38.52,12.62,45.85,2.77,0.24,2.85,0.93,3.39,0.2,0.02,4.58,13.89,40.5,88.4,30.3,34.3,4.1,12.2,297.7,10.9,18.2,0.32,59.6,117.4662010486183
173,0.0,2.0,7.03,20.0,8.57,68.89,2.14,0.4,1.41,0.6,4.84,0.15,0.03,3.31,7.84,24.3,73.4,23.7,32.3,47.3,16.1,381.2,7.2,16.5,0.27,23.3,84.63173289516041
174,1.0,2.0,8.29,28.56,11.44,49.39,10.45,0.16,2.37,0.95,4.09,0.87,0.01,4.08,11.22,33.4,81.9,27.5,33.6,44.2,13.5,311.8,7.9,16.5,0.25,30.5,75.04545730590905
175,0.0,2.0,25.1,5.84,3.33,89.28,1.33,0.22,1.47,0.84,22.4,0.33,0.06,4.58,9.79,28.6,62.4,21.4,34.2,46.2,18.5,270.5,8.9,19.2,0.24,42.8,72.84755434099708
176,0.0,2.0,9.69,15.74,8.56,73.31,2.29,0.1,1.53,0.83,7.1,0.22,0.01,3.76,8.96,24.7,65.7,23.8,36.3,48.9,18.6,256.0,10.7,21.1,0.27,55.5,97.07248372788891
177,0.0,2.0,6.0,34.85,8.54,53.53,2.79,0.29,2.09,0.51,3.21,0.17,0.02,4.01,8.52,27.3,68.1,21.2,31.2,46.6,17.1,295.6,10.7,19.1,0.32,56.9,121.5498472973934
178,0.0,2.0,22.71,12.17,12.99,73.53,1.12,0.19,2.76,2.95,16.71,0.25,0.04,6.37,18.71,57.2,89.8,29.4,32.7,57.5,16.0,220.3,9.8,20.1,0.22,48.1,66.0873035266523
179,0.0,2.0,7.74,21.47,5.46,5.46,3.93,0.36,1.66,0.42,5.33,0.3,0.03,3.64,8.47,27.0,74.2,23.3,31.4,57.3,19.3,380.8,9.4,18.5,0.36,45.8,110.81886165053805
180,1.0,2.0,9.41,9.89,18.37,64.94,6.27,0.53,0.93,1.73,6.11,0.59,0.05,2.85,8.52,25.8,90.5,29.9,33.0,56.5,15.6,178.8,8.8,17.3,0.16,41.2,56.27745174378129
181,1.0,2.0,7.84,11.0,7.71,57.77,23.4,0.12,0.86,0.6,4.54,1.83,0.01,4.51,10.58,34.0,75.4,23.5,31.1,45.5,15.1,412.2,8.8,17.3,0.36,40.6,123.37572882052828
182,1.0,1.0,168.42,86.32,4.32,9.33,0.03,0.0,145.38,7.276,15.714,0.051,0.0,1.93,67.0,24.2,125.7,34.8,28.0,67.8,13.8,93.0,7.3,4.7,0.07,13.68,13.0
183,0.0,1.0,4.67,34.84,7.5,55.95,1.29,0.42,1.627,0.35,2.613,0.06,0.02,4.54,12.7,42.7,94.1,28.0,30.0,46.0,11.8,224.0,6.7,47.0,0.15,11.06,25.0
184,0.0,1.0,16.21,75.69,5.04,18.13,0.7,0.44,12.269,0.817,2.939,0.113,0.071,4.22,9.0,33.8,80.1,21.3,27.0,48.3,15.8,208.0,7.0,5.4,0.15,22.81,47.0
185,1.0,1.0,8.08,30.12,5.26,62.37,1.87,0.38,2.434,0.425,5.039,0.151,0.031,5.25,14.7,50.2,95.6,28.0,29.0,42.5,11.0,394.0,7.8,6.5,0.31,12.76,50.0
186,0.0,1.0,5.8,51.08,6.62,39.28,2.4,0.62,2.963,0.384,2.278,0.139,0.036,4.26,1217.0,40.3,94.7,28.4,30.0,44.8,11.7,315.0,7.5,5.8,0.24,9.41,30.0
187,0.0,2.0,11.77,27.57,8.89,60.28,3.13,0.13,3.24,1.05,7.09,0.37,0.02,5.3,14.21,45.8,86.4,26.8,31.0,47.3,13.7,109.2,9.8,20.1,0.11,49.1,50.33684391605937
188,0.0,2.0,22.58,9.66,8.33,80.19,1.64,0.18,2.18,1.88,18.11,0.37,0.04,4.08,8.88,29.8,73.0,21.8,29.8,60.7,20.8,931.3,9.5,17.5,0.6,47.6,270.5168517834088
189,1.0,2.0,6.9,32.11,11.78,50.53,5.45,0.13,2.24,0.82,3.54,0.38,0.01,5.1,14.17,44.3,86.9,27.8,32.0,43.8,12.6,312.5,9.0,18.2,0.29,41.8,94.18364153444577
190,1.0,2.0,2.05,37.4,16.72,35.37,9.86,0.65,0.77,0.34,0.73,0.2,0.01,4.65,14.44,44.8,96.3,31.1,32.2,57.4,14.9,165.4,8.2,17.7,0.14,35.1,43.649398313639274
191,0.0,1.0,8.11,33.6,6.96,58.2,0.7,0.54,2.725,0.564,4.72,0.057,0.044,91.0,6.3,22.0,75.5,21.6,29.0,67.8,926.6,46.0,7.8,30.0,0.04,62.62,29.0
192,0.0,1.0,7.26,41.29,7.21,46.99,3.95,0.56,2.998,0.523,3.411,0.287,0.041,5.56,15.3,51.4,92.6,27.5,30.0,42.5,11.4,268.0,7.2,5.0,0.19,13.41,36.0
193,1.0,2.0,7.39,39.55,7.28,45.75,7.18,0.24,2.92,0.54,3.38,0.53,0.02,5.52,14.3,44.8,81.2,25.9,31.9,40.6,12.5,127.2,11.4,18.5,0.15,63.1,82.25284857943345
194,0.0,2.0,8.01,10.12,6.08,81.85,1.57,0.38,0.81,0.49,6.55,1.57,0.38,1.49,4.91,14.8,99.3,33.0,33.2,126.3,31.8,197.9,9.0,19.2,0.18,40.4,66.15018747839378
195,0.0,2.0,5.85,40.91,10.02,43.28,5.67,0.12,2.39,0.59,2.53,0.33,0.01,4.56,11.41,34.8,76.3,25.0,32.8,43.9,14.4,410.4,8.3,18.0,0.34,34.1,109.97097864494233
196,1.0,2.0,8.3,23.36,5.35,68.35,2.56,0.38,1.94,0.44,5.68,0.21,0.03,3.83,10.96,32.7,85.4,28.6,33.5,61.9,15.2,353.1,99.7,17.8,0.34,49.6,136.5352286592744
197,0.0,2.0,5.23,40.84,11.08,33.56,14.24,0.28,2.14,0.58,1.76,0.74,0.01,3.33,10.25,31.0,93.0,30.8,33.1,44.3,11.9,260.3,7.8,16.5,0.2,30.8,65.45625808459619
198,0.0,1.0,14.24,24.86,6.03,67.6,1.3,0.21,3.54,0.86,9.62,0.19,0.03,4.08,12.69,38.2,93.6,31.1,33.2,49.4,13.2,557.4,9.3,17.4,0.52,43.5,161.22291701564995
199,1.0,2.0,14.16,11.84,7.52,79.48,1.02,0.14,1.68,1.06,11.26,0.14,0.02,2.96,8.04,24.7,83.4,27.2,32.6,63.7,19.1,393.1,7.7,17.3,0.3,28.2,91.99255332956278
200,0.0,1.0,5.29,22.47,7.57,63.78,5.9,0.28,1.189,0.4,3.374,0.312,0.015,4.33,12.1,40.8,94.3,28.0,30.0,44.8,12.9,303.0,7.6,5.8,0.23,10.5,32.0
201,0.0,1.0,5.17,32.82,8.54,56.62,1.65,0.37,1.697,0.442,2.927,0.085,0.019,5.0,73.0,30.5,61.0,14.6,24.0,38.0,16.4,203.0,7.8,9.0,0.16,55.67,113.0
202,0.0,1.0,5.31,41.21,6.25,51.05,0.93,0.56,2.188,0.332,2.711,0.049,0.03,3.78,11.0,37.0,98.0,29.1,30.0,50.6,12.9,174.0,7.1,4.7,0.12,12.09,21.0
203,0.0,1.0,3.8,27.89,9.26,60.66,1.86,0.33,1.06,0.352,2.305,0.071,0.013,4.53,12.6,41.3,91.1,27.8,31.0,43.7,12.2,122.0,8.5,7.6,0.1,22.34,27.0
204,0.0,1.0,9.01,36.37,5.4,55.85,2.02,0.36,3.277,0.487,5.032,0.182,0.032,4.53,12.1,41.3,91.2,26.7,29.0,44.8,13.3,34.0,9.6,6.5,0.03,36.36,12.0
205,0.0,2.0,6.15,28.53,10.88,53.83,6.58,0.18,1.75,0.67,3.32,0.4,0.01,4.52,60.7,23.6,52.2,13.4,25.7,43.4,20.8,482.3,6.7,15.5,0.32,20.1,116.7466044203286
206,1.0,2.0,60.87,83.0,2.68,12.72,1.28,0.32,50.53,1.63,7.74,0.78,0.19,3.0,10.07,29.3,97.7,33.6,34.4,62.1,15.9,49.6,8.4,17.8,0.04,38.2,23.87166291514682
207,1.0,2.0,5.96,29.52,17.55,52.11,0.49,0.33,1.76,1.05,3.1,0.03,0.02,4.06,6.41,23.3,57.4,158.0,27.5,49.8,21.7,343.6,10.0,17.0,0.34,56.5,138.57244512382792
208,0.0,2.0,4.77,32.8,15.18,47.23,473.0,0.06,1.56,0.72,2.26,0.23,0.0,3.94,10.56,32.3,82.0,26.8,32.7,49.5,15.1,233.2,10.7,18.4,0.25,57.0,225.86125748125238
209,0.0,2.0,16.13,10.08,11.42,78.25,0.22,0.03,1.63,1.84,12.62,0.04,0.0,4.71,13.26,39.6,84.1,28.2,33.5,53.8,16.0,13.5,11.3,19.8,0.02,64.9,44.67378045437872
210,1.0,2.0,0.33,83.36,10.11,4.17,2.36,0.0,0.28,0.03,0.01,0.01,0.0,2.89,6.6,22.8,78.9,22.8,28.9,60.0,19.0,35.1,8.6,18.7,0.03,42.6,34.81925590348424
211,1.0,2.0,3.59,8.04,22.14,68.93,0.33,0.56,0.29,0.79,2.48,0.01,0.02,2.69,7.25,21.4,79.6,27.0,33.9,51.6,16.2,74.6,10.2,17.7,0.08,54.4,51.01360244408014
212,0.0,2.0,9.26,20.78,12.68,63.25,3.02,0.27,1.92,1.17,5.86,0.28,0.03,4.44,10.22,31.4,70.7,23.0,32.5,51.8,18.3,187.8,9.3,19.0,0.17,45.1,65.63696505867318
213,1.0,2.0,5.81,26.32,12.68,40.05,20.76,0.19,1.53,0.74,2.32,1.21,0.01,4.96,15.36,46.1,92.9,31.0,33.3,48.3,13.0,184.1,8.2,16.6,0.15,34.8,46.53908726210981
214,1.0,2.0,2.06,30.34,39.86,29.16,0.11,0.53,0.63,0.82,0.6,0.0,0.01,2.55,7.46,22.4,87.8,29.3,33.3,53.7,15.3,21.2,9.8,19.8,0.02,51.4,29.793480246331853
215,1.0,2.0,8.7,33.76,9.32,54.35,2.42,0.15,2.94,0.81,4.73,0.21,0.01,5.29,17.25,51.8,97.9,32.6,33.3,52.1,13.3,269.9,8.4,17.2,0.23,36.9,70.83282296843797
216,1.0,2.0,10.67,12.0,25.25,60.94,1.7,0.11,1.28,2.69,6.51,0.18,0.01,4.87,12.92,40.1,82.3,26.5,32.2,56.3,17.1,364.8,9.6,19.0,0.35,46.4,111.04773673711477
217,0.0,2.0,7.08,32.0,5.75,61.18,0.78,0.29,2.27,0.41,4.32,0.06,0.02,2.99,6.26,21.3,71.2,20.9,29.4,56.7,19.9,320.5,10.3,19.5,0.33,54.3,127.77644056163405
218,1.0,2.0,6.24,36.9,9.18,50.12,3.59,0.21,2.3,0.57,3.14,0.22,0.01,2.61,8.71,25.8,98.9,33.4,33.8,106.8,27.0,484.7,8.9,18.9,0.43,39.3,141.11282733564389
219,1.0,2.0,6.63,44.85,7.83,41.92,5.15,0.25,2.97,0.52,2.78,0.34,0.02,5.65,8.15,29.6,52.4,14.4,27.5,42.3,20.2,459.0,8.2,18.3,0.38,36.9,136.9964974605423
220,0.0,2.0,7.96,15.5,9.74,59.05,15.4,0.31,1.23,0.78,4.7,1.23,0.02,3.92,6.67,23.2,59.2,17.0,28.8,39.5,16.7,555.2,9.3,17.0,0.52,46.7,177.95239396050573
221,1.0,2.0,3.3,49.06,37.21,12.71,0.35,0.67,1.67,1.23,0.42,0.01,0.02,2.5,6.57,20.5,82.0,26.3,32.0,46.2,14.1,16.9,11.2,18.7,0.02,65.8,58.02794319712945
222,1.0,2.0,3.08,78.45,8.72,12.72,0.0,0.11,2.42,0.27,0.39,0.0,0.0,1.42,3.68,11.1,78.2,25.9,33.2,63.2,20.0,5.9,10.155852948799032,18.40417148758543,0.5576062973396076,41.32933562958641,21.446081370345382
223,1.0,2.0,12.09,10.18,17.03,68.54,2.81,1.44,1.23,2.06,8.29,0.34,0.17,4.85,12.51,38.4,79.2,25.8,32.6,59.9,18.9,906.6,8.3,18.0,0.75,34.5,238.31727233368224
224,0.0,2.0,3.49,37.24,17.51,34.58,10.41,0.26,1.3,0.61,1.21,0.36,0.01,4.38,10.78,41.1,93.8,24.6,26.2,49.5,13.2,194.5,9.2,17.4,0.18,44.3,77.26972334229364
225,1.0,2.0,5.59,44.87,16.92,34.19,3.72,0.3,2.5,0.95,1.91,0.21,0.02,5.94,16.86,51.6,86.9,28.4,32.7,45.5,13.1,229.5,9.2,18.7,0.21,43.2,71.46698463473572
226,0.0,2.0,28.35,30.58,8.47,59.37,1.04,0.54,8.67,2.4,16.84,0.29,0.15,4.18,8.31,29.4,70.3,19.9,28.3,81.8,29.1,176.0,8.6,14.2,0.15,45.9,68.39373970753212
227,0.0,2.0,6.75,32.5,8.64,57.24,1.55,0.07,2.19,0.58,3.88,0.1,0.0,5.23,13.89,47.5,90.8,26.6,29.2,48.7,13.4,218.6,8.1,18.5,0.18,32.1,55.61766741133773
228,0.0,2.0,4.0,33.18,11.22,52.7,2.76,0.14,1.33,0.45,2.1,0.11,0.01,2.75,7.09,26.9,97.8,25.8,26.4,53.6,13.7,191.0,7.8,16.8,0.15,30.2,55.573569270858236
229,1.0,2.0,2.23,22.2,10.58,61.65,5.1,0.47,0.5,0.24,1.37,0.11,0.01,4.27,8.19,31.0,72.6,19.2,26.4,57.8,19.9,62.7,9.5,22.2,0.06,51.7,54.274897859754354
230,1.0,2.0,1.56,33.65,23.32,36.07,6.66,0.3,0.52,0.36,0.58,0.1,0.0,4.73,11.7,45.0,95.1,247.0,26.0,59.7,15.7,103.5,8.0,17.1,0.08,33.2,31.410070214401692
231,0.0,2.0,4.54,13.89,13.72,71.17,1.16,0.06,0.63,0.62,3.24,0.05,0.0,3.14,7.78,28.9,92.0,24.8,26.9,68.4,18.6,179.5,8.5,17.5,0.15,37.7,61.86459436434419
232,0.0,2.0,4.16,16.2,7.03,76.13,0.42,0.22,0.67,0.29,3.17,0.02,0.01,2.75,3.72,16.8,61.1,13.5,22.1,54.5,22.3,210.4,10.4,17.9,0.22,58.8,117.48486375780243
233,0.0,2.0,6.57,18.59,8.32,71.34,8.32,1.63,0.12,1.22,0.55,4.68,0.11,0.01,6.91,23.5,63.2,18.6,29.4,51.6,20.4,431.6,8.1,16.9,0.35,34.1,126.06964842695723
234,0.0,2.0,5.74,42.6,8.59,41.36,7.13,0.32,2.45,0.49,2.37,0.41,0.02,4.54,11.99,36.8,81.1,26.4,32.6,57.1,17.6,332.6,9.3,18.0,0.31,44.5,107.69594539185468
235,1.0,2.0,7.98,30.61,12.05,48.73,8.46,0.15,2.44,0.96,3.89,0.68,0.01,4.19,14.05,41.5,99.0,33.5,33.9,49.9,12.6,189.1,9.0,17.9,0.17,43.1,61.03760227679455
236,1.0,2.0,5.46,18.83,11.37,62.55,7.07,0.18,1.03,0.62,3.41,0.39,0.01,2.23,6.57,6.57,20.6,92.4,29.5,31.9,78.4,21.2,10.9,20.0,0.03,60.4,55.047151188773746
237,0.0,2.0,40.0,9.93,18.1,66.13,4.69,1.15,1.6473759589187322,1.911914308054691,9.918530439660035,0.3313032079060011,0.2313529564882424,3.23,10.53,29.8,92.3,32.6,35.3,66.5,18.0,802.6,9.6,20.1,0.77,44.9,225.07498039054428
238,1.0,2.0,5.36,51.28,13.57,30.24,4.73,0.18,2.75,0.73,1.62,0.25,0.01,5.12,16.13,47.6,93.0,31.5,33.9,44.6,12.0,262.9,9.0,17.2,0.24,41.3,78.45549649384051
239,0.0,2.0,10.55,37.36,6.22,46.44,9.56,0.42,3.94,0.66,4.9,1.01,0.04,4.49,10.57,32.0,71.3,23.5,33.0,41.6,14.6,425.4,9.9,17.6,0.42,50.6,142.74127808025483
240,1.0,2.0,40.0,86.63,10.28,2.14,0.38,0.57,23.60931045187778,2.24653613704107,0.5463566342080703,0.4724123623878631,0.3371835961635582,1.67,8.12,17.5,104.8,48.6,46.4,158.5,37.8,124.1,7.9,18.2,0.1,31.3,19.828867630795884
241,0.0,2.0,5.42,54.86,12.67,31.59,0.69,0.19,2.97,0.69,1.71,0.04,0.01,5.17,9.3,31.6,61.1,18.0,29.4,50.8,20.8,445.3,8.9,17.2,0.4,43.0,141.38564212415855
242,1.0,2.0,4.32,32.57,13.67,47.54,6.03,0.19,1.41,0.59,2.05,0.26,0.01,2.61,6.78,22.4,85.8,26.0,30.3,47.0,13.7,223.6,9.7,18.0,0.22,48.9,90.92446772725052
243,0.0,2.0,7.58,33.07,13.71,51.89,1.06,0.27,2.51,1.04,3.93,0.08,0.02,3.86,10.09,33.0,85.5,26.1,30.6,59.9,17.5,283.1,8.7,20.1,0.25,39.5,85.89224131865947
244,0.0,2.0,6.17,25.86,7.04,48.17,18.7,0.23,1.6,0.43,2.98,1.15,0.01,2.86,5.84,19.6,68.5,20.4,29.8,63.0,23.0,329.7,8.6,18.1,0.28,38.1,103.68148279027096
245,0.0,2.0,3.98,17.8,11.72,67.55,2.75,0.18,0.71,0.47,2.68,0.11,0.01,4.28,12.24,37.7,88.1,28.6,32.5,65.9,18.7,108.4,11.5,17.9,0.12,63.8,78.18380526994412
246,1.0,2.0,6.4,4.28,11.87,82.04,1.3,0.51,0.27,0.76,5.26,0.08,0.03,3.74,11.07,31.4,84.0,29.6,35.3,46.7,13.9,226.3,8.8,22.0,0.2,41.9,64.4848178267531
247,0.0,2.0,14.2,38.84,36.81,21.22,2.11,1.02,20.24,19.18,11.06,1.1,0.53,2.4,7.42,22.2,92.5,30.9,33.4,118.4,32.0,43.2,10.1,19.0,0.04,57.6,45.308937744662096
248,0.0,2.0,12.05,36.06,10.07,50.54,3.08,0.25,4.35,1.21,6.09,0.37,0.03,4.86,12.68,39.6,81.5,26.1,32.0,39.4,12.1,353.8,8.3,16.9,0.29,34.9,94.03601806449356
249,0.0,2.0,7.63,9.21,5.99,83.29,1.3,0.21,0.7,0.46,6.35,0.1,0.02,3.67,7.6,24.6,67.0,20.7,30.9,48.8,18.2,797.0,9.7,21.5,0.77,45.8,235.90307456806133
250,0.0,2.0,7.55,37.33,13.73,38.36,10.37,0.21,2.82,1.04,2.89,0.78,0.02,5.14,13.97,42.2,82.1,27.2,33.1,47.3,14.4,304.8,10.6,19.3,0.32,55.5,115.07740097856575
251,1.0,2.0,6.44,39.65,12.81,42.17,5.25,0.15,2.55,0.82,2.72,0.34,0.01,5.04,12.79,46.6,92.5,25.4,27.4,47.0,12.7,393.6,9.0,16.9,0.35,43.3,126.64457458699314
252,1.0,2.0,5.51,26.19,11.27,58.69,3.58,0.27,1.44,0.62,3.24,0.2,0.01,5.29,11.97,45.9,86.8,22.6,26.1,49.0,14.1,248.2,7.9,16.5,0.2,31.6,68.01366546138581
253,0.0,2.0,5.94,28.6,14.45,51.97,4.76,0.22,1.7,0.86,3.09,0.28,0.01,3.12,9.6,30.4,97.4,27.6,28.3,49.5,12.7,343.1,7.3,16.0,0.25,25.6,84.00390885420475
254,1.0,2.0,5.81,32.12,11.97,48.34,6.94,0.63,1.87,0.7,2.8,0.4,0.04,4.35,5.34,23.6,54.3,12.3,22.6,43.2,19.9,439.5,7.3,16.3,0.32,27.3,123.06786224297582
255,1.0,2.0,5.94,23.54,12.86,54.02,8.86,0.72,1.4,0.76,3.21,0.53,0.04,5.12,6.56,29.2,57.0,12.8,22.5,48.8,21.4,274.0,9.7,16.0,0.27,55.0,124.50146719871097
256,0.0,2.0,11.89,10.0,9.15,79.29,1.31,0.25,1.19,1.09,9.42,0.16,0.03,4.85,6.17,24.1,49.7,12.7,25.6,40.8,20.5,393.3,8.4,16.5,0.33,41.5,125.49448184264708
257,0.0,2.0,3.0,45.67,12.43,39.3,2.09,0.51,1.37,0.37,1.18,0.06,0.02,3.4,8.87,31.5,92.6,26.1,28.2,60.7,16.4,128.8,9.1,19.5,0.12,43.2,57.26681299626433
258,1.0,2.0,9.51,23.04,7.9,65.34,3.56,0.16,2.19,0.75,6.21,0.34,0.02,4.18,10.4,32.7,78.2,27.9,31.8,46.9,15.0,213.9,10.1,18.8,0.22,52.0,86.58559676871926
259,0.0,2.0,6.93,36.48,11.28,46.98,5.0,0.26,2.53,0.78,3.25,0.35,0.02,4.21,10.06,35.0,83.0,23.9,28.7,43.9,13.2,303.8,10.1,17.8,0.31,52.2,117.89889909227807
260,1.0,2.0,5.13,46.58,9.29,40.98,2.93,2.93,0.22,2.39,0.48,2.1,0.15,0.01,11.2,42.2,87.9,23.3,26.5,45.0,12.8,192.6,9.3,18.0,0.18,46.0,80.73160155106268
261,1.0,2.0,4.83,39.18,11.41,45.83,3.28,0.3,1.89,0.55,2.22,0.16,0.01,4.94,11.41,44.2,89.5,23.1,25.8,43.0,12.0,288.1,9.5,18.0,0.27,47.5,108.03016884058388
262,0.0,2.0,4.09,21.06,13.62,61.7,3.41,0.2,0.86,0.56,2.52,0.14,0.01,2.22,5.88,21.7,97.7,26.5,27.1,83.2,21.3,136.9,8.3,18.0,0.11,36.3,50.554945606678594
263,1.0,2.0,4.16,23.44,9.57,64.85,1.68,0.46,0.98,0.4,2.69,0.07,0.02,3.3,8.77,31.6,95.8,26.6,27.8,56.7,14.8,201.8,10.1,19.0,0.2,51.8,91.29840604436822
264,1.0,2.0,14.8,10.33,12.31,74.14,2.66,0.56,1.53,1.82,10.98,0.39,0.08,2.93,4.85,19.5,66.6,16.6,24.9,77.5,27.1,552.9,7.0,16.2,0.39,21.8,136.68305373129832
265,0.0,2.0,2.6,36.3,25.01,32.64,5.94,0.11,0.95,0.65,0.85,0.15,0.0,5.67,7.53,29.0,51.1,13.3,26.0,21.9,21.9,403.3,7.6,17.9,0.31,32.0,112.0064173788449
266,0.0,2.0,6.78,40.8,11.19,44.07,3.34,0.6,2.77,0.76,2.98,0.23,0.04,3.99,6.88,27.4,68.7,17.2,25.1,48.6,17.7,483.3,8.1,17.7,0.39,33.5,141.52240280632685
267,0.0,2.0,2.79,54.48,13.62,30.55,1.31,0.04,1.52,0.38,0.85,4.0,0.0,5.56,9.25,35.5,63.8,16.6,26.1,36.0,14.1,287.9,8.6,17.1,0.25,37.9,94.1313994211715
268,0.0,2.0,8.2,24.81,11.53,58.6,4.9,0.16,2.03,0.95,4.81,0.4,0.01,4.5,10.9,39.9,88.7,24.2,27.3,51.8,14.6,256.8,8.3,18.0,0.21,35.4,75.31063348390151
269,0.0,2.0,7.32,32.24,7.73,52.93,6.79,0.31,2.36,0.57,3.87,0.5,0.02,3.55,7.5,27.7,78.0,21.1,27.1,41.2,13.2,195.5,8.7,17.3,0.17,40.6,72.65477531049385
270,0.0,2.0,5.75,25.04,14.13,57.9,2.84,0.09,1.44,0.81,3.33,0.16,0.01,4.67,9.84,39.4,84.4,21.1,25.0,64.5,19.1,182.4,10.3,19.1,0.19,54.1,91.24602454532294
271,1.0,2.0,6.93,26.8,7.61,58.61,7.21,0.22,1.86,0.5,4.05,0.5,0.02,4.63,13.0,41.5,89.6,28.1,31.3,57.0,15.9,263.2,9.8,17.6,0.26,50.7,99.10224157427459
272,0.0,2.0,6.81,35.8,10.33,48.77,4.68,0.42,2.44,0.7,3.32,0.32,0.03,4.51,12.24,37.6,83.4,27.1,32.6,49.4,14.8,238.4,10.8,18.6,0.26,58.0,103.58107962487131
273,1.0,2.0,10.06,29.33,9.28,52.7,8.53,0.16,2.95,0.93,5.3,0.86,0.02,6.45,18.37,56.6,87.8,28.5,32.5,43.2,12.3,313.0,9.2,17.4,0.29,43.8,93.93655190963901
274,0.0,2.0,7.87,36.68,12.64,48.6,2.0,0.08,2.89,0.99,3.82,0.16,0.01,2.38,6.97,21.6,90.8,29.3,32.3,57.0,15.7,22.3,9.6,19.5,0.02,50.5,35.21570585750069
275,1.0,2.0,40.0,84.65,14.11,0.71,0.02,0.51,20.678659136706173,2.274203180813921,-0.3775552523810042,0.4961153350825377,0.2223476698552963,1.64,5.35,15.0,91.5,32.6,35.7,58.6,16.0,56.3,8.2,19.8,0.05,35.1,20.466625293578822
276,1.0,2.0,8.84,39.72,10.5,40.2,9.25,0.33,3.37,0.89,3.41,0.78,0.03,4.5,14.6,44.7,92.2,30.1,32.7,47.6,12.9,491.0,9.3,16.5,0.46,46.6,151.87758020633987
277,1.0,2.0,5.94,30.2,65.33,3.65,0.39,0.43,1.79,3.88,0.22,0.02,0.03,3.18,6.99,23.7,74.5,22.0,29.5,58.1,19.5,195.4,10.9,19.1,21.0,60.4,93.5088060419485
278,0.0,2.0,19.35,29.39,11.7,53.91,4.73,0.8,5.69,2.16,10.43,0.92,0.15,4.4,12.35,37.7,85.7,28.1,32.8,44.9,13.1,678.3,9.2,17.4,0.62,45.1,196.30474844649223
279,1.0,2.0,10.15,27.96,10.51,49.7,5.68,6.15,27.96,10.51,49.7,5.68,6.15,2.59,7.37,23.4,90.3,28.5,31.5,72.6,20.1,170.3,8.8,18.9,0.15,37.8,28.30456995019724
280,0.0,2.0,9.31,19.05,10.6,66.89,3.34,0.12,1.77,0.99,6.23,0.31,0.01,3.11,9.19,28.5,91.6,29.5,32.2,60.5,16.5,186.9,10.0,19.5,0.19,51.2,77.85877271357393
281,0.0,2.0,14.21,33.21,8.18,55.18,2.95,0.48,4.72,1.16,7.84,0.42,0.07,5.71,14.24,43.3,75.8,24.9,32.9,46.7,15.4,136.8,9.8,21.5,0.13,48.1,53.11471666497193
282,1.0,2.0,7.72,29.52,12.52,56.78,0.89,0.29,2.28,0.97,4.38,0.07,0.02,3.56,10.05,30.7,86.2,28.2,32.7,48.6,14.1,707.6,8.3,17.7,0.59,34.7,190.8242347886553
283,1.0,2.0,29.36,12.89,14.21,71.3,1.34,0.26,3.78,4.17,20.94,0.39,0.08,2.22,6.56,19.2,86.5,29.5,34.2,48.4,14.0,377.9,9.3,16.5,0.35,45.8,110.43636532704602
284,1.0,2.0,34.54,13.19,45.03,39.8,1.93,0.05,4.56,15.54,13.75,0.67,0.02,5.35,13.89,43.0,80.4,26.0,32.3,39.9,12.4,68.5,9.5,18.7,0.07,45.9,20.2828402824954
285,1.0,2.0,9.53,25.63,9.95,62.81,1.33,0.28,2.44,0.95,5.98,0.13,0.03,5.56,16.09,48.7,87.6,28.9,33.0,45.2,12.9,199.2,9.8,19.0,0.2,48.1,69.81371727506354
286,0.0,2.0,13.47,3.4,19.29,74.85,2.05,0.41,0.46,2.6,10.07,0.28,0.06,2.41,8.0,22.8,94.6,33.2,35.1,108.6,28.7,246.2,10.2,24.9,0.25,49.9,82.67235827352502
287,0.0,2.0,6.52,29.63,9.0,60.6,0.77,0.0,1.93,0.59,3.95,0.05,0.0,5.12,11.68,37.4,73.0,22.8,31.2,38.5,13.2,303.1,11.6,19.1,0.35,62.5,129.9642546741064
288,0.0,2.0,4.59,41.77,9.0,44.88,4.07,0.28,1.92,0.41,2.06,0.19,0.01,4.12,12.2,36.8,89.3,29.6,33.2,43.9,12.3,293.0,7.4,16.3,0.22,26.1,64.30000249155216
289,1.0,2.0,9.71,37.14,14.83,45.84,2.09,0.1,3.61,1.44,4.45,0.2,0.01,4.21,13.18,39.8,94.5,31.3,33.1,50.3,13.3,127.0,7.7,17.6,0.1,30.9,23.69122136275454
290,0.0,2.0,7.75,41.71,9.75,46.14,2.25,0.15,3.23,0.76,3.58,0.17,0.01,3.8,10.27,32.6,84.0,26.5,31.5,54.1,16.1,393.5,10.0,17.6,0.39,50.8,136.91932646747352
291,1.0,2.0,24.16,25.55,17.49,48.89,7.77,0.3,6.17,4.23,11.81,1.88,0.07,4.91,12.07,41.2,83.9,24.6,29.3,44.0,13.1,183.8,8.1,17.4,0.15,33.6,44.03108669320844
292,1.0,2.0,2.96,29.06,12.65,43.33,14.81,0.15,0.86,0.37,1.29,0.44,0.0,3.24,8.65,27.6,85.2,26.7,31.3,47.0,13.8,111.2,8.8,16.6,0.1,40.4,44.20437300595112
293,0.0,2.0,9.45,29.76,6.26,61.46,2.35,0.17,2.81,0.59,5.81,0.22,0.02,3.77,6.86,23.7,62.9,18.2,28.9,43.5,17.3,434.5,9.2,17.4,0.4,44.0,140.39739246872028
294,0.0,2.0,16.98,27.57,13.6,53.31,5.39,0.13,4.68,2.31,9.05,0.92,0.02,5.06,12.78,42.7,84.4,25.3,29.9,47.3,14.0,281.4,10.6,17.5,0.3,58.2,114.60686367552168
295,0.0,2.0,8.02,19.93,9.03,69.92,0.99,0.13,1.6,0.72,5.61,0.08,0.01,4.22,10.19,33.9,80.3,24.1,30.1,46.6,14.5,67.8,11.0,17.6,0.07,62.6,67.91893550342058
296,1.0,2.0,40.0,84.44,12.85,1.87,0.14,0.7,18.962118184402364,2.2996894907390817,2.210538441359737,0.45481433977499847,0.39974040255676124,1.45,8.84,14.7,101.4,40.0,150.0,184.1,45.0,94.7,7.8,18.5,0.07,31.9,-144.1321183508353
297,0.0,2.0,6.24,34.53,18.18,40.99,6.06,0.24,2.15,1.13,2.57,0.38,0.01,2.53,7.82,24.8,98.0,30.9,31.5,68.2,17.4,72.4,8.7,18.7,0.06,40.2,31.69788096182564
298,1.0,2.0,5.12,36.94,13.34,44.97,4.44,0.31,1.89,0.68,2.3,0.23,0.02,5.11,14.16,47.3,92.6,27.7,29.9,46.7,12.6,253.6,8.6,16.8,0.22,37.9,75.08612085552801
299,1.0,2.0,13.87,13.52,8.92,76.27,1.0,0.29,1.88,1.24,10.57,0.14,0.04,5.1,13.23,43.9,85.2,25.7,30.1,46.7,13.7,818.3,7.8,16.2,0.64,30.3,210.63110625385357
300,0.0,2.0,6.67,39.16,8.8,49.13,2.4,0.51,2.61,0.59,3.28,0.16,0.03,4.13,9.92,35.1,85.0,24.0,28.3,44.9,13.2,426.8,8.0,15.8,0.34,31.4,117.0254608211809
